user_id,symbol,quantity,buy_price,buy_time,sell_price,sell_time,total_buy_value,total_sell_value,profit_pct
U024,TECHM,68,4000.047749037989,7/31/2024 00:00,3804.0816427897894,8/1/2024 02:00,272003.24693458324,258677.55170970567,-4.8990941744465255
U011,ADANIENT,40,2730.8053845014424,1/29/2024 00:00,2819.1943889570875,2/6/2024 17:00,109232.21538005769,112767.7755582835,3.236737592407451
U025,JSWSTEEL,80,1971.0656703406394,6/16/2024 00:00,1973.0846109906988,6/23/2024 18:00,157685.25362725114,157846.76887925592,0.10242888811058704
U066,ONGC,50,806.7488318907583,3/19/2024 00:00,781.0331464463221,3/20/2024 10:00,40337.441594537915,39051.6573223161,-3.187570211185429
U018,ICICIBANK,82,3467.0569027884535,4/2/2024 00:00,3558.4339769410176,4/3/2024 20:00,284298.6660286532,291791.5861091634,2.6355804567001035
U054,ADANIENT,62,4682.855037500494,4/28/2024 00:00,4606.863628279161,5/4/2024 03:00,290337.01232503064,285625.544953308,-1.6227580954949627
U018,ICICIBANK,31,1780.2164658909057,12/11/2024 00:00,1787.583730906257,12/15/2024 14:00,55186.71044261808,55415.09565809397,0.41384096577628726
U063,ICICIBANK,98,2695.2451175933847,6/26/2024 00:00,2607.896895608808,7/3/2024 14:00,264134.0215241517,255573.89576966318,-3.2408266474320246
U037,ICICIBANK,30,1337.7173543013437,2/18/2024 00:00,1348.0532062403913,2/23/2024 21:00,40131.52062904031,40441.59618721174,0.7726484152884256
U065,TECHM,35,3557.637733517993,5/18/2024 00:00,3996.5454214007764,5/27/2024 20:00,124517.32067312975,139879.08974902716,12.337053988033983
U042,ONGC,20,1550.2866895921802,4/1/2024 00:00,1521.76875301009,4/8/2024 21:00,31005.733791843602,30435.3750602018,-1.8395266355277928
U015,BRITANNIA,90,3538.001483679017,6/7/2024 00:00,3589.0050933095918,6/10/2024 15:00,318420.1335311115,323010.45839786326,1.4415937886362333
U026,BRITANNIA,37,1150.6693111825007,5/1/2024 00:00,1127.5736875214707,5/3/2024 20:00,42574.764513752525,41720.22643829441,-2.007146921933235
U032,JSWSTEEL,40,1806.7672609708054,4/10/2024 00:00,1780.6282523372129,4/19/2024 02:00,72270.69043883221,71225.13009348852,-1.4467280428552627
U060,BRITANNIA,29,2280.3742962080682,7/19/2024 00:00,2268.7471638412803,7/25/2024 02:00,66130.85459003398,65793.66775139712,-0.5098782417483889
U053,CIPLA,20,1220.2805735897996,10/3/2024 00:00,1220.9483681652057,10/6/2024 02:00,24405.611471795994,24418.967363304113,0.0547246747886343
U016,ICICIBANK,90,4343.311177146634,12/14/2024 00:00,4321.96108729882,12/20/2024 18:00,390898.00594319706,388976.49785689375,-0.4915625194011555
U031,ONGC,93,1941.5836947279352,12/29/2024 00:00,1997.5822539722237,1/2/2025 04:00,180567.28360969797,185775.1496194168,2.884169216930686
U040,ADANIENT,82,3876.1304697472274,3/6/2024 00:00,3847.7801144938962,3/13/2024 15:00,317842.6985192727,315517.9693884995,-0.7314086941758711
U004,JSWSTEEL,49,608.2210659790101,6/13/2024 00:00,650.5114990554367,6/14/2024 19:00,29802.832232971494,31875.0634537164,6.95313520723831
U001,ADANIENT,73,3955.0278824376273,6/22/2024 00:00,3738.5245477200497,6/23/2024 18:00,288717.0354179468,272912.2919835636,-5.474129163007036
U001,ICICIBANK,12,580.4608253278421,6/17/2024 00:00,603.3629385107967,6/26/2024 03:00,6965.529903934106,7240.35526212956,3.945505395651731
U025,TECHM,61,2887.073631143884,9/27/2024 00:00,2716.339082161041,10/2/2024 02:00,176111.49149977692,165696.6840118235,-5.913758040012185
U063,CIPLA,22,1564.0036943683788,9/22/2024 00:00,1536.26355940692,9/28/2024 15:00,34408.081276104334,33797.79830695224,-1.7736617286356013
U031,SBIN,15,4451.803764075601,5/3/2024 00:00,4301.168007750072,5/8/2024 05:00,66777.05646113402,64517.520116251086,-3.3837016254198513
U054,SBIN,78,2481.0152810339378,4/4/2024 00:00,2619.244088143618,4/6/2024 06:00,193519.19192064714,204301.03887520218,5.571461335460798
U036,BRITANNIA,45,3306.0325772253123,12/27/2024 00:00,3110.480386448137,1/5/2025 03:00,148771.46597513906,139971.61739016615,-5.915011005163725
U052,ONGC,54,3203.936880640022,11/1/2024 00:00,3053.3855434188094,11/7/2024 09:00,173012.5915545612,164882.8193446157,-4.698948288617288
U007,BRITANNIA,10,2502.391139805348,8/11/2024 00:00,2561.7645242297576,8/17/2024 02:00,25023.91139805348,25617.645242297578,2.372666026504087
U024,ADANIENT,31,1220.520590113108,8/3/2024 00:00,1294.9006165863375,8/11/2024 10:00,37836.13829350635,40141.91911417646,6.094123038623753
U047,TECHM,84,1229.4776842179122,7/4/2024 00:00,1245.1946075960036,7/6/2024 22:00,103276.12547430462,104596.3470380643,1.2783414924760788
U004,TECHM,69,4577.984226587544,4/13/2024 00:00,4680.512097884492,4/21/2024 16:00,315880.91163454053,322955.33475402993,2.2395855079948968
U002,ICICIBANK,14,2607.513558863019,6/5/2024 00:00,2581.713500657984,6/12/2024 06:00,36505.18982408227,36143.98900921177,-0.9894505866456547
U065,ONGC,29,2588.0226373119517,1/12/2024 00:00,2717.1262013919445,1/18/2024 23:00,75052.6564820466,78796.6598403664,4.9885021181300795
U057,CIPLA,38,3921.395263563566,9/1/2024 00:00,4025.623011249342,9/7/2024 05:00,149013.0200154155,152973.674427475,2.6579250669839194
U002,ADANIENT,52,1058.5157996155008,7/11/2024 00:00,1053.7567259635048,7/20/2024 07:00,55042.82158000604,54795.34975010225,-0.44959873567542696
U039,JSWSTEEL,58,1249.4005624402193,5/8/2024 00:00,1311.3084298102704,5/12/2024 08:00,72465.23262153272,76055.88892899569,4.955005562758666
U035,BRITANNIA,41,3825.12089273491,5/11/2024 00:00,3719.7517865136565,5/15/2024 20:00,156829.9566021313,152509.82324705992,-2.7546608114107443
U006,JSWSTEEL,68,888.7245930763039,9/5/2024 00:00,925.6250244246557,9/8/2024 18:00,60433.272329188665,62942.50166087659,4.152065964622592
U039,ONGC,47,3382.1742944754264,1/11/2024 00:00,3451.5127883485793,1/18/2024 19:00,158962.19184034504,162221.10105238322,2.050115926503638
U048,JSWSTEEL,21,1243.0940703092583,7/27/2024 00:00,1260.8293208985112,8/1/2024 05:00,26104.975476494423,26477.415738868734,1.4267022112687493
U046,ONGC,52,2569.7463734927737,3/6/2024 00:00,2459.120215798769,3/13/2024 18:00,133626.81142162424,127874.25122153599,-4.304944598234526
U033,ONGC,79,2469.8673162099503,1/13/2024 00:00,2388.4692029595644,1/14/2024 09:00,195119.51798058607,188689.0670338056,-3.295647208097505
U013,SBIN,10,1993.9792967809838,1/18/2024 00:00,2092.8702667952043,1/26/2024 11:00,19939.792967809837,20928.702667952042,4.959478274115819
U046,SBIN,67,2598.355327528798,10/31/2024 00:00,2583.849165346546,11/1/2024 21:00,174089.80694442947,173117.8940782186,-0.5582824653950604
U067,TECHM,56,1501.6619825660312,5/25/2024 00:00,1410.4809453334913,6/1/2024 09:00,84093.07102369775,78986.93293867551,-6.072008101099432
U016,TECHM,18,2648.7505653870558,8/25/2024 00:00,2716.1668427519667,8/27/2024 10:00,47677.510176967,48891.0031695354,2.5452104945585705
U034,CIPLA,16,514.0272326057667,6/25/2024 00:00,500.4959136519041,7/4/2024 16:00,8224.435721692267,8007.934618430466,-2.632412855884703
U042,CIPLA,44,697.6384145998696,2/18/2024 00:00,701.8333502253433,2/21/2024 19:00,30696.090242394264,30880.667409915106,0.6013051371145786
U062,SBIN,36,2041.4220514363824,6/19/2024 00:00,1971.6377727951888,6/25/2024 13:00,73491.19385170977,70978.9598206268,-3.418415050042788
U058,ICICIBANK,10,2416.5608385531227,5/3/2024 00:00,2371.811844944319,5/9/2024 17:00,24165.608385531228,23718.11844944319,-1.8517635846319616
U030,CIPLA,90,2854.126461275581,5/17/2024 00:00,2806.1825618790035,5/21/2024 20:00,256871.38151480228,252556.43056911032,-1.6798099189742972
U067,SBIN,53,4792.586716612774,2/8/2024 00:00,4914.660114343017,2/9/2024 12:00,254007.095980477,260476.98606017992,2.5471296597950976
U013,ONGC,50,3680.9588544766093,7/7/2024 00:00,3562.5506442740348,7/10/2024 01:00,184047.94272383046,178127.53221370175,-3.2167762499863852
U041,JSWSTEEL,30,4642.8293422692095,5/10/2024 00:00,4591.38204061459,5/13/2024 08:00,139284.8802680763,137741.4612184377,-1.1081023630619793
U044,JSWSTEEL,24,1441.7477876128246,6/24/2024 00:00,1359.6497128101503,7/3/2024 06:00,34601.94690270779,32631.59310744361,-5.694343733907048
U053,SBIN,20,3866.0329914354547,10/10/2024 00:00,3704.446269990582,10/18/2024 02:00,77320.65982870909,74088.92539981165,-4.179651901648038
U034,ONGC,46,3442.5404352049713,7/14/2024 00:00,3498.911537281229,7/19/2024 07:00,158356.86001942868,160949.93071493652,1.63748554700422
U021,TECHM,45,1600.450139658966,12/29/2024 00:00,1660.2952469851743,12/31/2024 19:00,72020.25628465347,74713.28611433285,3.7392672125956103
U033,BRITANNIA,10,675.0322874679222,9/29/2024 00:00,690.3071017742176,10/7/2024 10:00,6750.322874679222,6903.071017742176,2.262827214323628
U027,TECHM,22,2624.716402794731,8/7/2024 00:00,2603.5855003546353,8/9/2024 06:00,57743.76086148409,57278.881007801974,-0.805073737398686
U047,SBIN,31,3036.132964276061,6/7/2024 00:00,2970.8336792091764,6/14/2024 12:00,94120.12189255789,92095.84405548447,-2.150738647984576
U015,TECHM,64,2566.378109778009,6/10/2024 00:00,2550.213555492949,6/12/2024 07:00,164248.19902579256,163213.66755154874,-0.6298586409957316
U049,TECHM,77,3196.389500384013,5/8/2024 00:00,3199.468687705447,5/9/2024 04:00,246121.991529569,246359.0889533194,0.0963332948335669
U022,BRITANNIA,29,3382.8662704742956,4/13/2024 00:00,3271.9527648924372,4/17/2024 03:00,98103.12184375458,94886.63018188068,-3.2786843083308748
U010,JSWSTEEL,74,1288.108804893824,6/8/2024 00:00,1302.1237417893578,6/14/2024 06:00,95320.05156214298,96357.15689241247,1.0880243068200275
U061,ONGC,39,573.5402497405254,7/24/2024 00:00,572.5694793355398,7/30/2024 21:00,22368.06973988049,22330.20969408605,-0.16925933366050705
U003,ONGC,81,2309.1651964884804,6/17/2024 00:00,2386.9741205001137,6/21/2024 11:00,187042.38091556693,193344.90376050922,3.369569406725704
U025,JSWSTEEL,17,3833.803908978451,10/20/2024 00:00,4037.055517532951,10/21/2024 18:00,65174.66645263367,68629.94379806017,5.3015650612307335
U058,SBIN,89,4725.27014035164,7/23/2024 00:00,4842.146535070003,7/24/2024 14:00,420549.04249129596,430951.04162123025,2.4734330788898533
U015,JSWSTEEL,62,842.0762519626364,10/15/2024 00:00,863.1902447219976,10/20/2024 20:00,52208.72762168346,53517.79517276385,2.507373021166513
U036,SBIN,99,3181.204098746986,4/9/2024 00:00,3141.6233792589273,4/10/2024 06:00,314939.2057759516,311020.7145466338,-1.244205598240257
U045,ONGC,55,3693.176617445545,6/11/2024 00:00,3471.0252071965056,6/20/2024 01:00,203124.713959505,190906.3863958078,-6.015185117323065
U004,ICICIBANK,67,551.4217644351316,6/14/2024 00:00,566.0981229979648,6/22/2024 22:00,36945.25821715382,37928.574240863636,2.661548656474835
U017,BRITANNIA,55,1478.1582515847103,2/26/2024 00:00,1435.2771021886049,3/5/2024 19:00,81298.70383715908,78940.24062037327,-2.9009850163291624
U049,CIPLA,68,1282.8912495731574,3/1/2024 00:00,1249.2973408654186,3/7/2024 10:00,87236.6049709747,84952.21917884846,-2.6186092327713766
U055,SBIN,61,961.7889541906601,4/3/2024 00:00,929.0869798639541,4/12/2024 23:00,58669.126205630266,56674.3057717012,-3.4001195568132285
U015,JSWSTEEL,27,3938.345693353503,1/24/2024 00:00,4000.4892681988654,1/25/2024 15:00,106335.33372054459,108013.21024136936,1.577910617400566
U041,ICICIBANK,26,4575.774516299702,3/16/2024 00:00,4641.084838702515,3/23/2024 11:00,118970.13742379224,120668.2058062654,1.4273063974233664
U028,TECHM,12,4147.976505555746,4/23/2024 00:00,3723.4702046587386,5/2/2024 18:00,49775.71806666895,44681.64245590486,-10.23405750559169
U011,BRITANNIA,73,1494.8602758216516,10/15/2024 00:00,1432.67634928827,10/21/2024 13:00,109124.80013498057,104585.37349804371,-4.159848752365978
U006,TECHM,42,1314.3666157101406,6/25/2024 00:00,1362.9352411846562,6/28/2024 01:00,55203.397859825905,57243.28012975556,3.695211434465303
U021,ICICIBANK,93,2750.454797216335,4/24/2024 00:00,2652.7152199495276,4/30/2024 21:00,255792.29614111915,246702.51545530607,-3.553578752347682
U038,JSWSTEEL,79,3367.602297652631,12/29/2024 00:00,3278.4576720156165,1/6/2025 11:00,266040.5815145578,258998.1560892337,-2.6471245045518716
U003,ADANIENT,79,4571.387362210007,5/13/2024 00:00,4572.613101389651,5/20/2024 01:00,361139.60161459056,361236.43500978244,0.026813286263525415
U066,ICICIBANK,81,2965.38384382153,1/19/2024 00:00,3109.689528060605,1/23/2024 02:00,240196.09134954392,251884.851772909,4.866340812496871
U045,JSWSTEEL,37,2873.975715593623,12/16/2024 00:00,3097.1034374423207,12/24/2024 02:00,106337.10147696406,114592.82718536587,7.763730244415449
U023,BRITANNIA,43,924.3959895997107,12/13/2024 00:00,957.6173284488642,12/18/2024 16:00,39749.02755278756,41177.54512330116,3.5938428144348924
U057,ADANIENT,42,3001.6104345163153,2/17/2024 00:00,3169.1176612385093,2/20/2024 01:00,126067.63824968525,133102.9417720174,5.580578505324472
U006,ICICIBANK,51,2875.330300700844,7/9/2024 00:00,2987.813763338053,7/11/2024 09:00,146641.84533574304,152378.5019302407,3.912018824751783
U030,BRITANNIA,88,4057.0459102625764,1/24/2024 00:00,3864.2091654100377,1/27/2024 07:00,357020.0401031067,340050.4065560833,-4.753131936829821
U022,SBIN,89,4232.340627207432,9/14/2024 00:00,4430.532521630232,9/20/2024 14:00,376678.31582146144,394317.39442509064,4.682796397547292
U003,CIPLA,10,4498.0063287353405,11/3/2024 00:00,4639.502042563219,11/11/2024 06:00,44980.063287353405,46395.02042563219,3.1457428799941547
U003,SBIN,15,2002.7191125190432,6/17/2024 00:00,1858.7868025592584,6/26/2024 17:00,30040.786687785647,27881.802038388876,-7.1868445784563875
U003,ADANIENT,11,4068.232943854466,6/21/2024 00:00,3978.483490473472,6/24/2024 07:00,44750.56238239913,43763.318395208196,-2.20610409039067
U040,ONGC,78,4545.718893920297,9/30/2024 00:00,4464.582522614805,10/2/2024 01:00,354566.07372578315,348237.4367639548,-1.7848963651053857
U001,CIPLA,97,1670.921645733703,6/24/2024 00:00,1783.2436618860143,7/2/2024 18:00,162079.3996361692,172974.63520294338,6.722159380668678
U043,JSWSTEEL,11,4808.14987267254,5/24/2024 00:00,4538.5535458820505,5/30/2024 03:00,52889.648599397944,49924.08900470255,-5.607069952680954
U063,BRITANNIA,48,3094.050137197196,8/28/2024 00:00,3176.7304770787455,9/6/2024 04:00,148514.40658546542,152483.0628997798,2.672236590078241
U068,BRITANNIA,53,2660.740261997324,10/11/2024 00:00,2661.0217058896624,10/13/2024 17:00,141019.23388585818,141034.1504121521,0.010577653758918615
U038,ICICIBANK,65,4010.8490620068105,2/1/2024 00:00,4006.383508173298,2/4/2024 19:00,260705.18903044268,260414.9280312644,-0.1113368706843878
U063,TECHM,46,3973.7020702135183,10/5/2024 00:00,4020.3193189182457,10/7/2024 08:00,182790.29522982184,184934.6886702393,1.1731440324669917
U042,CIPLA,43,1567.235387574201,5/29/2024 00:00,1562.6295742048164,6/6/2024 16:00,67391.12166569065,67193.0716908071,-0.29388140453576606
U031,ADANIENT,37,3205.190104506285,4/9/2024 00:00,3197.7112752040143,4/14/2024 07:00,118592.03386673254,118315.31718254853,-0.23333496792455266
U063,SBIN,95,1588.5972953853345,6/30/2024 00:00,1612.7273693264428,7/4/2024 14:00,150916.74306160677,153209.10008601207,1.5189547414692839
U060,ICICIBANK,51,2252.376307143165,1/24/2024 00:00,2342.177453242865,1/29/2024 14:00,114871.19166430141,119451.05011538611,3.986951284068538
U001,BRITANNIA,47,1327.802572411927,7/7/2024 00:00,1266.4270539150848,7/13/2024 04:00,62406.72090336057,59522.07153400899,-4.622337670679078
U059,ONGC,56,2908.048531190078,7/28/2024 00:00,2883.979910544964,8/6/2024 02:00,162850.71774664437,161502.87499051797,-0.8276553980089312
U060,JSWSTEEL,63,1236.1538483765426,6/25/2024 00:00,1262.979321932128,6/28/2024 04:00,77877.69244772218,79567.69728172406,2.170075641540556
U004,BRITANNIA,27,1072.0361964019694,12/28/2024 00:00,1084.3853898914265,12/30/2024 18:00,28944.977302853174,29278.405527068517,1.1519381090772942
U062,JSWSTEEL,11,4517.8745586049845,3/24/2024 00:00,4376.051649155483,4/1/2024 02:00,49696.62014465483,48136.56814071031,-3.139151112094922
U015,TECHM,42,1209.795448853562,7/14/2024 00:00,1160.5889635020214,7/23/2024 07:00,50811.40885184961,48744.7364670849,-4.067339267821674
U063,ICICIBANK,86,1747.5427202936883,1/15/2024 00:00,1784.4566669409658,1/20/2024 13:00,150288.67394525718,153463.27335692305,2.1123344350102053
U047,CIPLA,25,2377.087787659344,2/22/2024 00:00,2310.4035233093414,2/28/2024 20:00,59427.1946914836,57760.088082733535,-2.8052924547504796
U053,ONGC,59,3239.519778133988,2/28/2024 00:00,3257.08491044811,3/6/2024 11:00,191131.6669099053,192168.00971643848,0.542214078539744
U046,SBIN,46,4100.957788434993,7/18/2024 00:00,4236.984050466007,7/27/2024 18:00,188644.05826800968,194901.26632143633,3.316938848154413
U061,ADANIENT,66,2229.4244830463167,6/14/2024 00:00,2153.335874750658,6/23/2024 20:00,147142.0158810569,142120.16773354344,-3.4129260207858705
U041,TECHM,26,3193.3588962708504,11/29/2024 00:00,3351.9257130094843,12/2/2024 13:00,83027.33130304211,87150.06853824659,4.965518186001757
U051,ONGC,35,1170.7258077084962,5/1/2024 00:00,1186.6483750575928,5/10/2024 07:00,40975.40326979737,41532.69312701575,1.3600594814137206
U064,TECHM,63,2798.740474644984,6/7/2024 00:00,2884.8233765567525,6/9/2024 09:00,176320.64990263397,181743.87272307542,3.075772930417487
U057,ICICIBANK,47,3020.6274897330763,10/26/2024 00:00,3094.0684950511927,10/27/2024 10:00,141969.49201745458,145421.21926740606,2.431316193994049
U024,ICICIBANK,35,1299.1440406508605,3/9/2024 00:00,1347.5054586227452,3/10/2024 14:00,45470.041422780116,47162.69105179608,3.722560121020607
U039,ICICIBANK,90,4246.31564669269,3/11/2024 00:00,4142.077370305943,3/16/2024 15:00,382168.4082023421,372786.9633275349,-2.4547934034987424
U051,TECHM,92,2054.604362195354,8/7/2024 00:00,2051.2161843246167,8/13/2024 07:00,189023.60132197256,188711.88895786475,-0.1649065841132158
U019,BRITANNIA,47,3687.1640435050467,9/20/2024 00:00,3803.1218950002667,9/21/2024 09:00,173296.7100447372,178746.72906501254,3.144906224052619
U045,SBIN,41,771.3923181810464,10/19/2024 00:00,745.032002805028,10/27/2024 21:00,31627.085045422904,30546.31211500615,-3.4172385120682023
U051,ADANIENT,83,3082.224435646354,6/27/2024 00:00,2929.7176916573785,7/1/2024 23:00,255824.62815864736,243166.56840756242,-4.947944160886329
U017,JSWSTEEL,35,3735.7056390465937,4/9/2024 00:00,3808.349907417151,4/12/2024 15:00,130749.69736663077,133292.24675960027,1.9445929468119736
U052,ICICIBANK,43,3799.189211459791,10/1/2024 00:00,3737.3003580701316,10/6/2024 06:00,163365.13609277102,160703.91539701566,-1.6290016091585815
U062,TECHM,89,4324.640807686457,11/19/2024 00:00,4283.285273821458,11/28/2024 19:00,384893.0318840947,381212.38937010977,-0.9562767338155638
U027,CIPLA,86,4860.7483115892055,1/25/2024 00:00,4980.299637849728,1/31/2024 13:00,418024.35479667166,428305.76885507663,2.4595251306364263
U042,ONGC,50,1721.9090084502766,8/18/2024 00:00,1825.1757473161026,8/26/2024 18:00,86095.45042251382,91258.78736580512,5.997223915958638
U021,SBIN,99,4646.368504781994,1/16/2024 00:00,4731.565134031254,1/17/2024 20:00,459990.48197341734,468424.94826909417,1.8336175695400976
U026,JSWSTEEL,42,1974.524354264982,9/12/2024 00:00,2102.4817029252654,9/14/2024 10:00,82930.02287912925,88304.23152286114,6.480413796056475
U017,SBIN,46,3268.939192383802,11/28/2024 00:00,3237.7289106367807,12/7/2024 11:00,150371.2028496549,148935.5298892919,-0.9547525943504009
U046,ONGC,31,1567.2425580247268,2/16/2024 00:00,1557.5622404555852,2/23/2024 10:00,48584.51929876653,48284.42945412314,-0.6176655629708137
U023,JSWSTEEL,37,4288.37071161894,3/7/2024 00:00,4135.93649391842,3/10/2024 22:00,158669.71632990078,153029.65027498154,-3.554595158658139
U029,CIPLA,79,1874.9412195638317,1/14/2024 00:00,1855.5355736961694,1/19/2024 20:00,148120.3563455427,146587.3103219974,-1.0350002264165168
U037,ICICIBANK,58,3476.9415731806544,5/17/2024 00:00,3534.54984660443,5/23/2024 09:00,201662.61124447794,205003.89110305696,1.6568663065303137
U035,TECHM,62,2712.749996997104,1/1/2024 00:00,2675.04882011693,1/8/2024 21:00,168190.49981382044,165853.02684724965,-1.389777049927476
U059,TECHM,84,4696.1901752362655,12/29/2024 00:00,4764.616580188271,1/3/2025 20:00,394479.97471984633,400227.79273581476,1.4570620524021516
U026,SBIN,91,4062.4529177494846,9/20/2024 00:00,4111.172599851885,9/27/2024 03:00,369683.2155152031,374116.7065865215,1.1992676121743253
U013,SBIN,35,994.1464833144776,4/8/2024 00:00,964.824855855134,4/11/2024 19:00,34795.12691600672,33768.869954929694,-2.9494272676583195
U015,ICICIBANK,31,4672.7362338244375,4/29/2024 00:00,4541.072929632721,5/6/2024 20:00,144854.82324855757,140773.26081861433,-2.817691767805087
U020,CIPLA,13,1166.9920404384068,2/25/2024 00:00,1131.261991207771,2/26/2024 04:00,15170.896525699289,14706.405885701022,-3.0617217592343593
U047,TECHM,59,2132.2307842487953,9/13/2024 00:00,1984.4859805117103,9/14/2024 18:00,125801.61627067892,117084.67285019091,-6.929118781536443
U033,JSWSTEEL,55,2721.6285791789373,5/15/2024 00:00,2698.0969200907734,5/17/2024 10:00,149689.57185484155,148395.33060499254,-0.864616842584113
U023,SBIN,33,3209.254848436884,11/21/2024 00:00,3055.505000264501,11/30/2024 22:00,105905.40999841718,100831.66500872854,-4.7908270122975525
U003,BRITANNIA,50,740.3367550449595,6/14/2024 00:00,729.1995761362128,6/16/2024 23:00,37016.83775224798,36459.97880681064,-1.5043395904435861
U045,SBIN,51,2694.619760710739,11/25/2024 00:00,2683.076632871876,12/2/2024 12:00,137425.60779624767,136836.90827646566,-0.4283768718380596
U038,JSWSTEEL,23,3796.2428425033445,9/24/2024 00:00,3735.7990467220243,9/26/2024 21:00,87313.58537757692,85923.37807460656,-1.592200454211783
U064,ICICIBANK,22,4872.5540048511375,7/31/2024 00:00,4913.767929049077,8/1/2024 09:00,107196.18810672502,108102.8944390797,0.8458382227658598
U038,JSWSTEEL,64,4242.772602539326,8/25/2024 00:00,4076.385262737292,8/29/2024 15:00,271537.44656251685,260888.6568151867,-3.9216652738459232
U033,TECHM,98,4961.091014401502,4/9/2024 00:00,5024.647405808874,4/12/2024 01:00,486186.91941134725,492415.44576926966,1.2810970656025966
U014,ICICIBANK,65,1704.550932676477,12/12/2024 00:00,1769.3252926097098,12/13/2024 04:00,110795.810623971,115006.14401963113,3.800083569900986
U013,ONGC,21,2632.868636282017,8/1/2024 00:00,2937.5300407188533,8/7/2024 16:00,55290.24136192236,61688.13085509592,11.571462405623897
U056,JSWSTEEL,77,2069.6004911314644,2/27/2024 00:00,2042.9096003095578,3/6/2024 04:00,159359.23781712275,157304.03922383595,-1.2896639199826674
U027,ONGC,16,3707.956129813655,3/27/2024 00:00,3668.3105047152767,3/29/2024 14:00,59327.29807701848,58692.96807544443,-1.0692042653797733
U048,SBIN,68,3979.2199564149464,12/5/2024 00:00,4083.8220828237804,12/14/2024 14:00,270586.95703621634,277699.90163201705,2.6287093338533367
U002,SBIN,50,3385.151740566878,6/15/2024 00:00,3320.2435413408193,6/17/2024 06:00,169257.5870283439,166012.17706704096,-1.917438395691795
U016,CIPLA,96,2614.5286442757283,8/1/2024 00:00,2602.4522625113354,8/9/2024 07:00,250994.74985046993,249835.41720108822,-0.4618951791112669
U001,TECHM,88,4277.713739508736,6/23/2024 00:00,4501.259086750802,6/26/2024 16:00,376438.80907676875,396110.7996340706,5.225813620425649
U038,JSWSTEEL,37,1688.896492158044,9/3/2024 00:00,1685.4857943858271,9/9/2024 22:00,62489.17020984763,62362.9743922756,-0.20194830103879302
U019,JSWSTEEL,20,2490.460552506561,9/20/2024 00:00,2392.5902835061415,9/29/2024 17:00,49809.21105013121,47851.805670122834,-3.9298060313348984
U020,SBIN,99,1466.6809961744775,8/23/2024 00:00,1468.8565905071025,8/25/2024 09:00,145201.41862127327,145416.80246020315,0.14833452797843794
U003,ONGC,42,4881.722311878456,6/20/2024 00:00,4867.044862981954,6/27/2024 13:00,205032.33709889514,204415.88424524205,-0.30066128220337696
U036,TECHM,36,3483.329661446244,1/3/2024 00:00,3346.3505385530543,1/11/2024 11:00,125399.86781206478,120468.61938790996,-3.9324191565697784
U066,ADANIENT,25,844.3628169309084,9/17/2024 00:00,868.8511299196394,9/19/2024 01:00,21109.070423272708,21721.278247990987,2.900212147870421
U006,TECHM,11,1018.4280984382845,7/4/2024 00:00,985.4383629489232,7/12/2024 08:00,11202.70908282113,10839.821992438156,-3.2392797822398665
U030,JSWSTEEL,16,1555.6948218124733,11/6/2024 00:00,1515.213682741844,11/10/2024 19:00,24891.117148999572,24243.418923869503,-2.602125976318834
U065,SBIN,97,4899.905009005383,7/31/2024 00:00,4909.574819948552,8/1/2024 10:00,475290.78587352217,476228.7575350096,0.1973469062236437
U011,ICICIBANK,79,4348.858474401532,11/25/2024 00:00,4069.725490181433,11/28/2024 17:00,343559.819477721,321508.3137243332,-6.418534561727987
U056,BRITANNIA,24,2933.4213017472844,1/18/2024 00:00,2839.625049491073,1/25/2024 17:00,70402.11124193482,68151.00118778575,-3.1975036180565652
U018,BRITANNIA,21,4385.131679765671,9/11/2024 00:00,4365.24323495392,9/13/2024 11:00,92087.76527507909,91670.10793403233,-0.453542704396364
U026,SBIN,24,3595.672666771408,11/5/2024 00:00,3675.405939228213,11/14/2024 07:00,86296.14400251379,88209.74254147711,2.2174786151598784
U040,TECHM,14,1445.6407197071408,10/13/2024 00:00,1464.083408217802,10/14/2024 05:00,20238.97007589997,20497.167715049225,1.2757449523417694
U057,CIPLA,84,3159.7955602594143,2/2/2024 00:00,3322.6441978981693,2/3/2024 01:00,265422.8270617908,279102.1126234462,5.153771328971221
U003,CIPLA,11,4145.220096492297,6/20/2024 00:00,4230.324903299691,6/22/2024 13:00,45597.42106141526,46533.5739362966,2.0530829443630907
U050,BRITANNIA,52,3245.8085134799376,6/11/2024 00:00,3245.5624745720497,6/17/2024 04:00,168782.04270095675,168769.2486777466,-0.007580204034405291
U043,BRITANNIA,64,4433.329512979863,6/6/2024 00:00,4337.987586100875,6/7/2024 20:00,283733.0888307112,277631.205510456,-2.1505716324456827
U023,ICICIBANK,48,3502.2342614869854,4/20/2024 00:00,3680.8403675549794,4/24/2024 23:00,168107.2445513753,176680.337642639,5.09977610670056
U012,BRITANNIA,67,3567.7755693037057,2/2/2024 00:00,3513.779037910121,2/3/2024 12:00,239040.9631433483,235423.19553997813,-1.5134508980373584
U002,ONGC,42,1803.913801405414,6/14/2024 00:00,1916.6596834326867,6/18/2024 16:00,75764.37965902739,80499.70670417284,6.250070371402093
U001,BRITANNIA,39,4997.89719372871,6/20/2024 00:00,4713.152156210997,6/24/2024 03:00,194917.99055541967,183812.9340922289,-5.697296812647658
U042,BRITANNIA,26,1520.0231466200228,5/26/2024 00:00,1336.6403375947934,5/31/2024 18:00,39520.60181212059,34752.64877746463,-12.064474770203724
U003,TECHM,61,3947.9642058093445,6/23/2024 00:00,4017.5671832528833,6/26/2024 12:00,240825.81655437002,245071.5981784259,1.7630093338009303
U022,TECHM,46,4298.465405770248,3/27/2024 00:00,4058.276306212748,4/5/2024 17:00,197729.40866543143,186680.7100857864,-5.587787195752953
U003,ONGC,76,3089.377031695075,10/10/2024 00:00,3047.076892514464,10/12/2024 23:00,234792.6544088257,231577.84383109925,-1.3692125870891743
U051,ONGC,98,546.404211382485,5/24/2024 00:00,547.5710105721676,5/31/2024 13:00,53547.61271548353,53661.95903607242,0.21354139762766355
U032,ONGC,84,1587.105699698758,7/4/2024 00:00,1657.2678966963092,7/6/2024 02:00,133316.87877469565,139210.50332248997,4.420763973745949
U017,ICICIBANK,65,4855.833169338353,3/10/2024 00:00,4830.095803683442,3/11/2024 08:00,315629.15600699297,313956.2272394237,-0.5300298580566498
U018,ONGC,18,2313.6450629358255,4/14/2024 00:00,2224.118732295405,4/17/2024 20:00,41645.61113284486,40034.137181317295,-3.8694928653757614
U004,CIPLA,82,3826.6562742872165,6/14/2024 00:00,4090.0545617384723,6/20/2024 06:00,313785.8144915518,335384.4740625547,6.883249201688967
U056,TECHM,79,2491.9080225885127,2/5/2024 00:00,2445.8217796484996,2/14/2024 21:00,196860.7337844925,193219.92059223147,-1.8494359551898827
U045,CIPLA,12,2718.9189580304537,6/12/2024 00:00,2661.6523777354028,6/21/2024 03:00,32627.027496365445,31939.82853282483,-2.106226083933531
U016,JSWSTEEL,89,1307.75583018436,12/1/2024 00:00,1330.7861963302717,12/2/2024 17:00,116390.26888640804,118439.97147339418,1.761060101155485
U026,SBIN,92,1117.3447009247889,9/6/2024 00:00,1143.5073838148078,9/8/2024 04:00,102795.71248508057,105202.67931096231,2.3415050761295735
U043,CIPLA,39,3910.2452193719705,4/3/2024 00:00,3890.7182991861237,4/11/2024 23:00,152499.56355550684,151738.01366825882,-0.4993784044311902
U045,SBIN,38,1071.3917366461865,10/9/2024 00:00,1126.4382882370717,10/15/2024 03:00,40712.885992555086,42804.65495300872,5.13785478346129
U048,CIPLA,29,1371.5011584540457,11/19/2024 00:00,1354.0859066245528,11/27/2024 16:00,39773.533595167326,39268.49129211203,-1.2697949048124322
U052,ADANIENT,43,561.1794659241456,9/2/2024 00:00,568.3772198422961,9/10/2024 23:00,24130.71703473826,24440.22045321873,1.2826117766617369
U014,ADANIENT,99,4091.7339132135403,11/7/2024 00:00,4213.472130223417,11/16/2024 17:00,405081.6574081405,417133.74089211825,2.9752232083504566
U043,ADANIENT,33,4283.747687950181,12/6/2024 00:00,4441.129066074608,12/10/2024 13:00,141363.67370235597,146557.25918046208,3.673918017326937
U002,TECHM,61,1844.5391225481687,6/6/2024 00:00,1969.1908994943665,6/13/2024 09:00,112516.8864754383,120120.64486915636,6.757881978344569
U035,ICICIBANK,35,1184.7986200517526,4/15/2024 00:00,1169.0132793732153,4/17/2024 16:00,41467.95170181134,40915.46477806253,-1.3323226758862867
U067,ICICIBANK,74,3975.8704547243815,8/18/2024 00:00,3913.5920358083026,8/24/2024 11:00,294214.41364960425,289605.8106498144,-1.5664096611114569
U067,ONGC,99,2477.5967149895605,11/21/2024 00:00,2440.369522350012,11/25/2024 01:00,245282.0747839665,241596.5827126512,-1.5025525507974067
U038,ONGC,73,2489.2947845355325,4/30/2024 00:00,2518.705471396401,5/7/2024 12:00,181718.51927109386,183865.4994119373,1.181486702321464
U002,ONGC,96,4918.75780663409,6/7/2024 00:00,5078.220679577411,6/11/2024 02:00,472200.74943687266,487509.18523943145,3.241933821751662
U029,TECHM,85,1404.2863136133901,2/17/2024 00:00,1421.0128199625444,2/22/2024 05:00,119364.33665713816,120786.08969681627,1.191103707769894
U011,JSWSTEEL,85,3778.8006698481818,9/6/2024 00:00,3685.6630888588707,9/8/2024 01:00,321198.0569370955,313281.362553004,-2.4647391891420716
U047,ADANIENT,75,2827.872068091067,12/9/2024 00:00,2670.6318985544376,12/10/2024 04:00,212090.40510683003,200297.39239158283,-5.560370686880928
U059,ICICIBANK,63,3404.737692822376,4/16/2024 00:00,3371.6448754977664,4/25/2024 02:00,214498.4746478097,212413.6271563593,-0.9719637842989641
U065,TECHM,90,4831.796533553323,5/16/2024 00:00,4636.4113396854655,5/21/2024 18:00,434861.68801979907,417277.0205716919,-4.043738028102983
U066,JSWSTEEL,96,934.0792409255242,2/29/2024 00:00,923.05681396887,3/2/2024 04:00,89671.60712885033,88613.45414101152,-1.1800312514956164
U021,JSWSTEEL,84,1877.9971274503228,1/20/2024 00:00,1946.3795413212956,1/24/2024 01:00,157751.75870582712,163495.88147098882,3.641241664933349
U062,TECHM,15,917.9285328453993,1/17/2024 00:00,928.1688653163434,1/18/2024 14:00,13768.92799268099,13922.53297974515,1.1155914762994708
U005,CIPLA,17,3253.143000312522,10/31/2024 00:00,3408.060492172473,11/7/2024 16:00,55303.43100531287,57937.02836693204,4.762086752567247
U021,CIPLA,68,659.7678740348865,1/6/2024 00:00,626.2110931622246,1/14/2024 23:00,44864.21543437228,42582.354335031276,-5.08614956764135
U057,BRITANNIA,48,4347.903500525981,5/28/2024 00:00,4350.925424058132,6/2/2024 04:00,208699.3680252471,208844.42035479035,0.069503003730079
U008,CIPLA,69,4799.713345715955,5/5/2024 00:00,4980.055010822689,5/9/2024 09:00,331180.2208544009,343623.79574676557,3.7573424102024653
U066,ONGC,26,3969.110249231019,7/13/2024 00:00,3871.2103451280136,7/14/2024 06:00,103196.8664800065,100651.46897332836,-2.4665453453194672
U001,JSWSTEEL,43,3220.673800797397,6/22/2024 00:00,3293.3272350271077,6/28/2024 06:00,138488.97343428805,141613.07110616562,2.2558457864228005
U011,ADANIENT,25,3353.702159874324,5/8/2024 00:00,3454.3610727032906,5/13/2024 23:00,83842.5539968581,86359.02681758227,3.0014267227814635
U038,CIPLA,76,3394.2556595856777,10/28/2024 00:00,3137.7221139488615,11/4/2024 12:00,257963.4301285115,238466.88066011347,-7.557873400382869
U003,CIPLA,35,4584.69521234646,6/13/2024 00:00,4643.283320752498,6/14/2024 21:00,160464.3324321261,162514.91622633743,1.277906288039869
U010,ONGC,91,2614.5154369269944,6/20/2024 00:00,2591.7768980087053,6/28/2024 21:00,237920.9047603565,235851.6977187922,-0.869703754551743
U004,SBIN,71,1959.8985874623104,6/15/2024 00:00,1873.3755004202826,6/21/2024 17:00,139152.79970982403,133009.66052984007,-4.414671636355351
U060,CIPLA,72,2085.028868497888,12/18/2024 00:00,2191.4204948682495,12/27/2024 10:00,150122.07853184795,157782.27563051396,5.102645242845426
U055,TECHM,46,2327.865079992912,12/8/2024 00:00,2286.596148153919,12/17/2024 06:00,107081.79367967395,105183.42281508027,-1.7728231843710915
U008,ONGC,35,3491.765115490955,6/5/2024 00:00,3468.7111841500773,6/6/2024 11:00,122211.77904218342,121404.89144525271,-0.6602371745625333
U002,ICICIBANK,45,4150.820640973998,6/10/2024 00:00,4552.229312916999,6/12/2024 04:00,186786.9288438299,204850.31908126496,9.670585810925578
U066,JSWSTEEL,48,3223.410006748982,5/13/2024 00:00,3330.5448094279877,5/16/2024 03:00,154723.68032395115,159866.15085254342,3.323648014205229
U007,JSWSTEEL,33,3262.215334576957,10/12/2024 00:00,3221.959776030932,10/18/2024 08:00,107653.10604103959,106324.67260902075,-1.2339945226591031
U036,JSWSTEEL,26,4680.1763919203295,2/20/2024 00:00,4870.913190300552,2/26/2024 18:00,121684.58618992857,126643.74294781435,4.075419010050621
U047,ONGC,21,4491.69850094011,12/7/2024 00:00,4462.542918722621,12/16/2024 23:00,94325.6685197423,93713.40129317503,-0.6490992708300962
U057,ADANIENT,48,1469.506147066989,5/4/2024 00:00,1583.363728961225,5/12/2024 15:00,70536.29505921547,76001.4589901388,7.74801671442384
U048,ICICIBANK,38,4203.360569445815,3/30/2024 00:00,4218.196517065974,3/31/2024 03:00,159727.70163894095,160291.467648507,0.35295443669530524
U051,SBIN,78,4091.6037668778563,3/8/2024 00:00,3987.9691168237446,3/12/2024 09:00,319145.0938164728,311061.5911122521,-2.5328613413901393
U064,ICICIBANK,67,1079.81477195345,3/6/2024 00:00,1089.5679074089364,3/14/2024 04:00,72347.58972088115,73001.04979639874,0.9032230072054398
U009,CIPLA,78,2513.15208863271,5/23/2024 00:00,2484.330396913814,5/27/2024 20:00,196025.86291335136,193777.77095927752,-1.1468343618860048
U067,JSWSTEEL,43,4253.292806903693,12/25/2024 00:00,4425.7490551101355,12/26/2024 15:00,182891.59069685882,190307.20936973582,4.054652619413403
U055,ICICIBANK,85,4534.061538378888,4/7/2024 00:00,4615.708664132711,4/15/2024 22:00,385395.2307622055,392335.2364512805,1.8007502779288571
U054,SBIN,42,3079.407341431987,11/13/2024 00:00,2930.940641972843,11/21/2024 13:00,129335.10834014344,123099.5069628594,-4.821275102569054
U010,SBIN,50,1201.8821854008115,7/24/2024 00:00,1231.3446342958762,7/26/2024 14:00,60094.10927004058,61567.23171479381,2.451359147588944
U040,TECHM,92,3994.6175582801516,3/31/2024 00:00,4007.4961031336316,4/7/2024 14:00,367504.81536177394,368689.6414882941,0.32239744269849635
U037,JSWSTEEL,33,1494.8058394128852,1/16/2024 00:00,1445.0287382205838,1/21/2024 01:00,49328.59270062521,47685.94836127927,-3.3300044647840212
U050,SBIN,20,4802.135776656209,2/17/2024 00:00,4603.6537929922915,2/24/2024 19:00,96042.71553312417,92073.07585984583,-4.1332022436509135
U030,ADANIENT,26,4996.8776803545425,3/15/2024 00:00,5005.930184496094,3/17/2024 03:00,129918.8196892181,130154.18479689844,0.18116321272265723
U022,JSWSTEEL,60,3477.9997692009615,5/31/2024 00:00,3584.110533327342,6/3/2024 19:00,208679.98615205768,215046.63199964052,3.050913489587676
U019,JSWSTEEL,81,1552.911305320128,10/24/2024 00:00,1581.547218090446,10/29/2024 01:00,125785.81573093036,128105.32466532613,1.844014701432987
U001,BRITANNIA,57,1054.630069925805,6/16/2024 00:00,1116.9417785721282,6/23/2024 02:00,60113.91398577088,63665.681378611305,5.9083948413026945
U033,BRITANNIA,82,1501.3174653102885,11/5/2024 00:00,1438.4866989205336,11/7/2024 09:00,123108.03215544365,117955.90931148376,-4.185041994217327
U033,TECHM,60,1371.1942436344762,12/26/2024 00:00,1348.2647940529805,1/1/2025 12:00,82271.65461806857,80895.88764317884,-1.6722247550222393
U009,ONGC,94,1856.571017076797,8/27/2024 00:00,1853.2048978630053,8/28/2024 05:00,174517.67560521892,174201.2603991225,-0.18130840042368246
U034,SBIN,61,1742.425496764591,5/22/2024 00:00,1824.520974311447,5/23/2024 22:00,106287.95530264004,111295.77943299826,4.711563145700891
U001,JSWSTEEL,56,780.3234774891071,6/21/2024 00:00,818.4216915518941,6/26/2024 13:00,43698.114739389996,45831.614726906075,4.8823616310223
U051,ADANIENT,80,3514.709973266531,8/15/2024 00:00,3532.7837322930836,8/19/2024 15:00,281176.79786132247,282622.6985834467,0.5142318758595943
U046,ADANIENT,64,505.2152228754718,5/1/2024 00:00,516.6742668704406,5/5/2024 09:00,32333.774264030195,33067.1530797082,2.2681509733116894
U046,SBIN,54,4897.708610136174,11/4/2024 00:00,5002.8674296214695,11/8/2024 02:00,264476.2649473534,270154.84119955933,2.1471024075965293
U049,ONGC,22,749.9642325746701,1/17/2024 00:00,739.0974761631765,1/24/2024 23:00,16499.213116642743,16260.144475589881,-1.4489699560987648
U024,JSWSTEEL,11,1140.592734824942,5/6/2024 00:00,1111.0298066339592,5/13/2024 21:00,12546.520083074362,12221.32787297355,-2.5918916795064573
U040,TECHM,60,2460.1809535062393,5/16/2024 00:00,2522.3159865305397,5/25/2024 16:00,147610.85721037435,151338.95919183237,2.5256285695467215
U014,SBIN,63,2878.275042717341,11/13/2024 00:00,2689.9923763437287,11/18/2024 04:00,181331.32769119248,169469.5197096549,-6.5415105776637965
U063,CIPLA,95,1392.7913235819615,3/28/2024 00:00,1397.6072880021534,3/29/2024 20:00,132315.17574028633,132772.69236020456,0.34577788780348273
U004,BRITANNIA,31,2329.691977627976,6/17/2024 00:00,2364.670653515998,6/22/2024 04:00,72220.45130646725,73304.79025899593,1.501429211411728
U037,ONGC,83,2857.4545990378406,7/2/2024 00:00,2700.1271634144023,7/4/2024 23:00,237168.73172014076,224110.5545633954,-5.505859504343943
U012,SBIN,35,4652.004017389137,12/10/2024 00:00,4661.310759698491,12/12/2024 23:00,162820.14060861978,163145.87658944717,0.20005877627289337
U028,ONGC,70,3412.2604644326675,1/5/2024 00:00,3405.168278911998,1/6/2024 07:00,238858.23251028673,238361.77952383988,-0.20784420165441442
U043,JSWSTEEL,25,2607.6010906663632,10/12/2024 00:00,2656.814401919058,10/18/2024 11:00,65190.02726665908,66420.36004797646,1.8873021425266592
U024,ADANIENT,78,3568.0426201293017,11/9/2024 00:00,3670.5430983212727,11/14/2024 12:00,278307.32437008555,286302.36166905926,2.872736934634955
U014,ICICIBANK,80,4655.473965759526,2/26/2024 00:00,4722.015463932473,3/2/2024 06:00,372437.91726076213,377761.2371145978,1.4293173726746518
U033,TECHM,38,1132.821884816858,6/13/2024 00:00,1184.5204251636687,6/20/2024 19:00,43047.23162304061,45011.776156219414,4.563695408759582
U058,JSWSTEEL,91,710.8194068099401,12/25/2024 00:00,694.7136485985327,12/31/2024 09:00,64684.56601970455,63218.94202246648,-2.2658017011223444
U041,CIPLA,83,4615.864619944426,12/21/2024 00:00,4748.55603745028,12/26/2024 09:00,383116.7634553873,394130.15110837325,2.8746817428855147
U025,ADANIENT,56,3208.254610993618,5/5/2024 00:00,3129.821878102818,5/6/2024 13:00,179662.2582156426,175270.0251737578,-2.4447165951865952
U032,ONGC,26,654.7300873549882,8/20/2024 00:00,651.4561675943692,8/22/2024 11:00,17022.982271229692,16937.8603574536,-0.5000411350950924
U047,JSWSTEEL,28,3327.0147020561117,2/11/2024 00:00,3410.457326774741,2/13/2024 16:00,93156.41165757112,95492.80514969275,2.5080329421767056
U050,ADANIENT,58,3852.325624233433,6/11/2024 00:00,3736.652783775347,6/18/2024 21:00,223434.8862055391,216725.86145897012,-3.0026755716192444
U064,ICICIBANK,83,1644.302128482785,7/28/2024 00:00,1667.9546170316319,7/30/2024 15:00,136477.07666407115,138440.23321362544,1.438451494961642
U005,ADANIENT,16,4969.5780190693395,1/30/2024 00:00,4877.692815236277,2/1/2024 10:00,79513.24830510943,78043.08504378043,-1.8489538443803253
U014,JSWSTEEL,68,2326.467130145869,11/28/2024 00:00,2407.861962966668,11/30/2024 15:00,158199.76484991907,163734.61348173342,3.4986452963853223
U035,JSWSTEEL,34,4325.024649908329,3/10/2024 00:00,4243.628998399253,3/15/2024 01:00,147050.83809688318,144283.38594557458,-1.8819696556134256
U020,SBIN,78,3254.375141898423,6/11/2024 00:00,3224.2559468099,6/14/2024 06:00,253841.261068077,251491.9638511722,-0.9254985604073172
U059,CIPLA,69,2376.7612151601274,6/19/2024 00:00,2275.017739285541,6/24/2024 02:00,163996.5238460488,156976.22401070234,-4.280761366586489
U050,TECHM,63,2279.4385669531052,2/7/2024 00:00,2139.508434293813,2/16/2024 06:00,143604.62971804562,134789.0313605102,-6.138798153544223
U035,CIPLA,54,2590.8707413117177,8/2/2024 00:00,2588.5745375903757,8/3/2024 06:00,139907.02003083276,139783.0250298803,-0.08862671860579274
U054,BRITANNIA,88,4936.559329320908,2/7/2024 00:00,4871.159090257103,2/14/2024 10:00,434417.22098023986,428661.9999426251,-1.3248142015706588
U053,SBIN,53,2773.7099335049174,7/4/2024 00:00,2807.6476651123326,7/8/2024 19:00,147006.62647576063,148805.32625095363,1.2235501339727524
U032,BRITANNIA,98,2653.8672923302247,6/16/2024 00:00,2660.893546101893,6/23/2024 11:00,260078.99464836202,260767.56751798553,0.2647552796620528
U039,ICICIBANK,61,2090.97064810808,2/5/2024 00:00,2083.3198275515065,2/12/2024 09:00,127549.20953459287,127082.5094806419,-0.3658980370430196
U009,BRITANNIA,50,2513.04281061024,7/20/2024 00:00,2574.7870062859947,7/27/2024 01:00,125652.140530512,128739.35031429974,2.456949615623986
U013,ICICIBANK,56,2459.8438805541364,6/20/2024 00:00,2418.684349477672,6/29/2024 18:00,137751.25731103163,135446.32357074964,-1.6732578600554056
U041,BRITANNIA,99,2588.496037976781,3/25/2024 00:00,2621.206556665819,3/26/2024 12:00,256261.1077597013,259499.44910991608,1.2636881883970361
U011,BRITANNIA,11,3597.361200590808,2/21/2024 00:00,3667.863746275802,2/29/2024 20:00,39570.973206498886,40346.50120903382,1.95984060965062
U054,JSWSTEEL,47,1676.0975501188786,7/8/2024 00:00,1657.6024507199534,7/12/2024 07:00,78776.5848555873,77907.31518383781,-1.1034619910764514
U058,ADANIENT,52,4430.172855941322,5/21/2024 00:00,4603.842621661241,5/24/2024 18:00,230368.98850894877,239399.81632638452,3.920157776394869
U042,BRITANNIA,53,752.9372895065302,4/1/2024 00:00,754.8371881359819,4/5/2024 01:00,39905.6763438461,40006.37097120704,0.25233158935413713
U004,ADANIENT,24,3581.5580706882793,6/15/2024 00:00,3791.183147359244,6/17/2024 23:00,85957.3936965187,90988.39553662186,5.852901796750155
U003,JSWSTEEL,59,4106.132540291141,6/14/2024 00:00,4144.627816330341,6/21/2024 08:00,242261.8198771773,244533.04116349015,0.93750690367317
U003,JSWSTEEL,47,2848.583944583188,6/12/2024 00:00,3113.8667356253995,6/19/2024 22:00,133883.44539540983,146351.73657439378,9.312795276637992
U054,ONGC,58,4085.009486769806,11/19/2024 00:00,4313.426491950038,11/26/2024 12:00,236930.55023264873,250178.73653310223,5.591590568394286
U022,BRITANNIA,82,1967.8010407327085,10/28/2024 00:00,1874.5668371017596,11/3/2024 19:00,161359.6853400821,153714.48064234428,-4.737989344503717
U048,BRITANNIA,15,4727.230479675429,1/16/2024 00:00,4343.359133730879,1/23/2024 09:00,70908.45719513143,65150.38700596319,-8.12042796717849
U045,BRITANNIA,76,3927.449852793376,11/3/2024 00:00,3944.710325174745,11/4/2024 18:00,298486.1888122966,299797.98471328063,0.43948294767131024
U002,SBIN,68,3759.425365256325,1/16/2024 00:00,3734.5136334478802,1/24/2024 02:00,255640.92483743012,253946.92707445586,-0.662647330059349
U036,ONGC,31,2465.2864076760975,6/20/2024 00:00,2437.3944987408704,6/26/2024 22:00,76423.87863795902,75559.22946096698,-1.131386148415897
U016,ICICIBANK,86,4721.078964804739,6/8/2024 00:00,4683.224935326603,6/10/2024 20:00,406012.79097320756,402757.3444380879,-0.8018088610746481
U014,CIPLA,25,1315.956108457975,3/17/2024 00:00,1403.8584816467949,3/21/2024 09:00,32898.90271144937,35096.46204116987,6.679734424563986
U013,TECHM,67,1998.325133120139,10/21/2024 00:00,2016.9149935683463,10/29/2024 08:00,133887.7839190493,135133.3045690792,0.930272063344431
U004,SBIN,40,3551.294351112063,6/19/2024 00:00,3504.380169895658,6/24/2024 04:00,142051.7740444825,140175.20679582632,-1.3210445707412042
U011,JSWSTEEL,74,993.6578155374038,9/15/2024 00:00,929.0267816587308,9/21/2024 05:00,73530.67834976788,68747.98184274609,-6.504355208409291
U044,TECHM,83,4042.843461075057,12/4/2024 00:00,4042.0046087626297,12/8/2024 10:00,335556.00726922974,335486.38252729824,-0.020749067345886107
U055,BRITANNIA,55,4096.5221871264985,1/19/2024 00:00,4094.8099355700533,1/24/2024 14:00,225308.7202919574,225214.54645635292,-0.04179768784912019
U011,BRITANNIA,20,3840.8667369174395,9/27/2024 00:00,3906.4430854375755,10/1/2024 02:00,76817.33473834879,78128.86170875152,1.7073320427869276
U064,BRITANNIA,28,2110.6356393356564,1/23/2024 00:00,2028.1920520185433,1/31/2024 02:00,59097.79790139838,56789.377456519214,-3.9061023030513686
U020,BRITANNIA,79,4187.092249935758,3/8/2024 00:00,4327.136578689181,3/12/2024 03:00,330780.2877449249,341843.7897164453,3.344667860030336
U027,ADANIENT,58,2334.0463085592655,1/17/2024 00:00,2350.9124629568973,1/19/2024 01:00,135374.6858964374,136352.92285150004,0.7226143858320787
U002,BRITANNIA,29,1929.2855258444456,6/12/2024 00:00,1891.9386893289711,6/20/2024 22:00,55949.280249488926,54866.221990540165,-1.935785865553914
U009,SBIN,72,4101.464861802546,12/27/2024 00:00,3802.7041211500687,1/4/2025 22:00,295305.4700497833,273794.6967228049,-7.2842447934852075
U002,CIPLA,38,4560.413099069967,6/9/2024 00:00,4231.354323416231,6/17/2024 02:00,173295.69776465875,160791.46428981677,-7.215547550305114
U018,CIPLA,69,4335.09777856192,8/11/2024 00:00,4245.853588864549,8/12/2024 10:00,299121.74672077247,292963.8976316539,-2.0586430631093076
U014,JSWSTEEL,53,4764.028286355404,2/24/2024 00:00,4736.555570594507,3/4/2024 04:00,252493.4991768364,251037.4452415089,-0.5766698707390272
U020,CIPLA,87,3885.419518980175,5/22/2024 00:00,3731.5130365978425,5/31/2024 01:00,338031.4981512752,324641.6341840123,-3.961129078353145
U047,ICICIBANK,79,2625.9064673172566,10/16/2024 00:00,2589.3564188790147,10/19/2024 15:00,207446.61091806326,204559.15709144215,-1.3919021447699624
U001,JSWSTEEL,58,1047.9789417100521,6/17/2024 00:00,1075.8658830211582,6/24/2024 05:00,60782.778619183024,62400.221215227175,2.6610211523526743
U007,ADANIENT,22,1454.572033236841,10/12/2024 00:00,1481.2410068830598,10/15/2024 03:00,32000.584731210503,32587.302151427313,1.8334584356659684
U029,JSWSTEEL,71,3501.5153503372417,10/18/2024 00:00,3352.069677434163,10/22/2024 04:00,248607.58987394415,237996.94709782558,-4.268028494825398
U012,SBIN,84,2388.1015945387553,2/2/2024 00:00,2458.031847120651,2/5/2024 08:00,200600.53394125545,206474.6751581347,2.9282779569267996
U010,TECHM,71,2552.2407101504864,11/1/2024 00:00,2642.7865416038517,11/10/2024 12:00,181209.09042068454,187637.84445387346,3.54769952117981
U029,TECHM,44,502.62534310518345,9/4/2024 00:00,523.210554669529,9/9/2024 08:00,22115.51509662807,23021.264405459275,4.095537928344706
U032,SBIN,40,1425.4515648710014,1/4/2024 00:00,1413.9384287437463,1/12/2024 02:00,57018.062594840056,56557.53714974985,-0.8076834324635267
U063,ICICIBANK,73,1829.8125708032796,6/17/2024 00:00,1770.3789314890194,6/26/2024 01:00,133576.3176686394,129237.66199869842,-3.248072521885085
U032,BRITANNIA,26,4575.5076354998255,12/1/2024 00:00,4583.091881920861,12/10/2024 14:00,118963.19852299546,119160.38892994239,0.16575748584028016
U025,SBIN,82,872.0360290997992,9/19/2024 00:00,902.6589061121635,9/26/2024 02:00,71506.95438618353,74018.03030119742,3.5116527288415345
U046,ONGC,62,1069.9478016652076,7/4/2024 00:00,990.41877839632,7/13/2024 01:00,66336.76370324288,61405.96426057184,-7.4329816038794565
U061,ONGC,89,1561.5186584746639,3/1/2024 00:00,1563.0878940453738,3/7/2024 19:00,138975.1606042451,139114.82257003826,0.10049419276505134
U031,JSWSTEEL,50,2103.040645715173,7/9/2024 00:00,2005.3683228568018,7/13/2024 15:00,105152.03228575864,100268.41614284008,-4.644338332564951
U022,BRITANNIA,55,4536.741451420615,4/24/2024 00:00,4459.17697299031,5/3/2024 18:00,249520.77982813382,245254.73351446705,-1.7096958083431715
U026,JSWSTEEL,41,2113.3399509833152,5/26/2024 00:00,2001.9374029205417,5/30/2024 06:00,86646.93799031593,82079.4335197422,-5.271397439438887
U050,TECHM,85,836.3668304276913,5/23/2024 00:00,842.3206087734135,5/28/2024 03:00,71091.18058635376,71597.25174574014,0.7118620836120044
U028,SBIN,26,2371.398513441067,8/30/2024 00:00,2497.251373979543,8/31/2024 19:00,61656.36134946774,64928.53572346812,5.307115603941848
U063,SBIN,76,1685.0672466972596,6/27/2024 00:00,1736.5489378550967,7/1/2024 09:00,128065.11074899173,131977.71927698734,3.0551713148980486
U024,SBIN,99,3799.4268271369174,7/10/2024 00:00,3887.722800129241,7/18/2024 09:00,376143.25588655483,384884.55721279484,2.323928766351842
U027,SBIN,80,3723.781347168088,8/7/2024 00:00,3754.8536958487543,8/15/2024 01:00,297902.507773447,300388.29566790035,0.8344299996103801
U068,JSWSTEEL,60,1805.9771312629227,9/17/2024 00:00,1680.937299672718,9/18/2024 15:00,108358.62787577536,100856.23798036308,-6.923666386781109
U037,ADANIENT,74,3079.1905718589674,1/18/2024 00:00,2988.303224564501,1/19/2024 12:00,227860.10231756358,221134.43861777306,-2.951663600333645
U019,TECHM,25,2169.570302517136,3/25/2024 00:00,2132.3750636279174,3/29/2024 16:00,54239.257562928404,53309.37659069793,-1.714405790218681
U066,BRITANNIA,48,976.5978495520981,4/25/2024 00:00,960.5864574656198,4/29/2024 19:00,46876.69677850071,46108.14995834975,-1.6395072028698099
U039,ICICIBANK,92,2409.0409919661242,2/7/2024 00:00,2477.7986974799837,2/10/2024 23:00,221631.77126088343,227957.4801681585,2.854152575367482
U014,ICICIBANK,58,1452.423985608802,3/17/2024 00:00,1321.719145832774,3/23/2024 06:00,84240.59116531051,76659.71045830089,-8.999082986173706
U046,ADANIENT,97,3144.225014266411,12/10/2024 00:00,3011.4586442319446,12/15/2024 03:00,304989.82638384186,292111.4884904986,-4.222546714438714
U049,ONGC,72,3581.379646632704,6/17/2024 00:00,3421.9395856904307,6/21/2024 20:00,257859.33455755468,246379.650169711,-4.451917324436196
U009,ONGC,70,2025.592065009099,8/22/2024 00:00,2039.9483582984271,8/31/2024 06:00,141791.44455063692,142796.3850808899,0.7087455335812365
U003,ICICIBANK,43,3980.3531591062274,6/19/2024 00:00,3978.327085706461,6/20/2024 14:00,171155.18584156779,171068.06468537782,-0.05090185013184367
U039,JSWSTEEL,80,1695.994322795613,5/12/2024 00:00,1694.4244131398646,5/13/2024 20:00,135679.54582364904,135553.95305118916,-0.09256573767066589
U024,JSWSTEEL,27,4703.5769973491,5/17/2024 00:00,4517.558415550038,5/23/2024 16:00,126996.57892842569,121974.07721985104,-3.9548322883605316
U003,ADANIENT,88,1972.3030658885546,10/31/2024 00:00,1981.4824512461007,11/8/2024 03:00,173562.6697981928,174370.45570965688,0.4654145458832355
U057,JSWSTEEL,91,4796.530964417905,12/26/2024 00:00,4934.846397208113,12/31/2024 09:00,436484.31776202936,449071.02214593824,2.883655579756963
U051,CIPLA,69,2740.4364657771043,3/23/2024 00:00,2831.3284863319436,3/31/2024 12:00,189090.1161386202,195361.6655569041,3.316698697083826
U055,BRITANNIA,77,4858.178633380478,9/4/2024 00:00,4642.264257081186,9/10/2024 19:00,374079.75477029674,357454.3477952513,-4.444348234042835
U009,ICICIBANK,41,2435.4478233475747,2/21/2024 00:00,2383.3898915160353,2/26/2024 01:00,99853.36075725057,97718.98555215745,-2.137509633032702
U061,JSWSTEEL,67,3256.056434146754,7/29/2024 00:00,3010.2743848115706,8/6/2024 22:00,218155.7810878325,201688.38378237523,-7.5484579062460355
U027,ADANIENT,95,2124.686566479527,10/18/2024 00:00,2117.6657113426745,10/22/2024 07:00,201845.22381555504,201178.24257755408,-0.33044192247544624
U055,TECHM,47,3168.2148359586135,7/17/2024 00:00,3255.822370658661,7/22/2024 02:00,148906.09729005484,153023.65142095706,2.765201832455272
U057,ADANIENT,49,4546.691144541672,7/27/2024 00:00,4712.357565756523,8/3/2024 06:00,222787.8660825419,230905.52072206966,3.6436699997477127
U031,ONGC,54,1703.0225492609054,7/22/2024 00:00,1650.7418523636181,7/28/2024 16:00,91963.21766008889,89140.06002763538,-3.0698769619918815
U013,BRITANNIA,87,1485.9992857501225,9/4/2024 00:00,1503.119697616468,9/11/2024 15:00,129281.93786026066,130771.41369263272,1.1521144074913403
U055,ADANIENT,77,4727.208086120456,4/3/2024 00:00,4928.598616192849,4/11/2024 09:00,363995.0226312751,379502.0934468493,4.260242544932481
U012,CIPLA,58,681.238173084427,10/8/2024 00:00,658.2955036241237,10/11/2024 17:00,39511.814038896766,38181.13921019918,-3.367789763809954
U001,CIPLA,49,1089.2917188194574,6/12/2024 00:00,1131.0183468961152,6/18/2024 09:00,53375.29422215341,55419.898997909644,3.830620150300966
U046,BRITANNIA,55,2538.808404768056,3/8/2024 00:00,2489.2696072362264,3/9/2024 15:00,139634.46226224306,136909.82839799245,-1.9512617588153747
U056,TECHM,32,1810.1375588123858,11/21/2024 00:00,1824.3021709379607,11/25/2024 07:00,57924.401881996346,58377.66947001474,0.782515784870415
U065,ICICIBANK,97,1420.811390011156,9/3/2024 00:00,1342.7715978714662,9/6/2024 05:00,137818.7048310821,130248.84499353221,-5.492621518122616
U043,BRITANNIA,48,2893.241281622245,2/4/2024 00:00,2796.9733410059116,2/12/2024 09:00,138875.58151786774,134254.72036828374,-3.3273388302532325
U044,CIPLA,97,1152.53418658051,3/26/2024 00:00,1162.220123222334,3/28/2024 07:00,111795.81609830949,112735.3519525664,0.8404034131570182
U001,ONGC,59,1112.5830219150755,6/11/2024 00:00,1119.417657012855,6/20/2024 06:00,65642.39829298946,66045.64176375844,0.6143033789977475
U034,JSWSTEEL,13,1328.5663138845275,3/12/2024 00:00,1313.2018134550344,3/15/2024 05:00,17271.362080498857,17071.623574915448,-1.1564722264084528
U056,ONGC,90,3790.4154301103213,11/8/2024 00:00,3776.067319978294,11/9/2024 04:00,341137.3887099289,339846.0587980465,-0.37853661152939844
U004,ONGC,21,3681.2546563497003,6/17/2024 00:00,3959.9578994659646,6/20/2024 02:00,77306.3477833437,83159.11588878525,7.570876484612008
U001,CIPLA,54,1791.5378599936469,6/15/2024 00:00,1890.2080741867098,6/17/2024 09:00,96743.04443965694,102071.23600608233,5.507570696463704
U040,ONGC,42,685.4528886800465,5/6/2024 00:00,703.3226113871128,5/14/2024 23:00,28789.021324561952,29539.54967825874,2.606995025066909
U061,JSWSTEEL,66,2400.8350170773747,7/6/2024 00:00,2396.3474454944894,7/13/2024 08:00,158455.11112710673,158158.9314026363,-0.1869171163767982
U035,SBIN,28,2338.212619867999,8/21/2024 00:00,2425.9096963314028,8/26/2024 09:00,65469.95335630397,67925.47149727927,3.7506031623571743
U029,ICICIBANK,45,4706.078142016008,8/27/2024 00:00,4869.846945016043,9/2/2024 12:00,211773.51639072038,219143.11252572192,3.4799422801313424
U011,SBIN,77,3356.136154072892,4/6/2024 00:00,3124.6794348669773,4/11/2024 14:00,258422.4838636127,240600.31648475726,-6.896523519316315
U001,ONGC,39,3553.852015336184,6/21/2024 00:00,3790.782026676985,6/30/2024 15:00,138600.2285981112,147840.4990404024,6.666850795091084
U024,ONGC,94,2906.8852998384523,5/24/2024 00:00,2946.3331922332195,5/28/2024 23:00,273247.2181848145,276955.32006992266,1.3570501869117217
U052,TECHM,37,3904.7517041263345,2/2/2024 00:00,4028.751211505906,2/11/2024 12:00,144475.81305267438,149063.79482571853,3.17560543602646
U061,TECHM,76,2344.49384419077,1/7/2024 00:00,2282.6873050426593,1/8/2024 08:00,178181.5321584985,173484.2351832421,-2.636242330141144
U063,ADANIENT,73,4565.460861685115,9/16/2024 00:00,4714.28744333356,9/17/2024 09:00,333278.6429030134,344142.98336334986,3.259836983763199
U047,JSWSTEEL,11,600.7222193936133,11/10/2024 00:00,593.1460012813948,11/17/2024 21:00,6607.944413329746,6524.606014095342,-1.2611849316754271
U049,SBIN,43,4099.7286939325895,3/29/2024 00:00,4265.892473087943,4/1/2024 15:00,176288.33383910134,183433.37634278153,4.053043300188804
U068,CIPLA,42,4976.196456928884,11/13/2024 00:00,4781.0222832060945,11/16/2024 13:00,209000.2511910131,200802.93589465597,-3.9221557149542896
U009,SBIN,86,4517.705199272636,11/4/2024 00:00,4517.383727161633,11/12/2024 14:00,388522.6471374467,388495.0005359004,-0.007115827545673747
U041,ONGC,38,1123.7297069209021,3/17/2024 00:00,1182.3023289574069,3/22/2024 10:00,42701.72886299428,44927.48850038146,5.212340803643774
U036,ICICIBANK,60,4898.468764649657,5/8/2024 00:00,4709.63191115981,5/11/2024 05:00,293908.1258789794,282577.9146695886,-3.8550180181326916
U020,SBIN,27,2249.8201081864217,11/11/2024 00:00,2188.4640964353403,11/18/2024 15:00,60745.14292103339,59088.53060375419,-2.7271518966261077
U024,ADANIENT,50,1029.7944058338871,1/28/2024 00:00,997.4296364813234,2/2/2024 17:00,51489.72029169436,49871.48182406617,-3.142837946022432
U032,JSWSTEEL,44,4368.984396870029,5/26/2024 00:00,4295.748685854349,6/2/2024 20:00,192235.31346228128,189012.94217759135,-1.6762639635002365
U066,JSWSTEEL,43,1463.893079799514,12/26/2024 00:00,1443.6506542770205,12/29/2024 11:00,62947.4024313791,62076.978133911885,-1.38278032745847
U014,TECHM,85,3877.4191978599115,4/28/2024 00:00,3649.8011907246037,5/5/2024 16:00,329580.6318180925,310233.10121159133,-5.870348175429124
U002,ICICIBANK,16,3725.7538262618286,6/10/2024 00:00,4056.5382078347957,6/14/2024 13:00,59612.06122018926,64904.61132535673,8.878320925053
U061,TECHM,92,1481.4879247159085,12/10/2024 00:00,1489.8635194515634,12/15/2024 12:00,136296.8890738636,137067.44378954385,0.5653501858451573
U067,ICICIBANK,50,2249.5116439716,6/22/2024 00:00,2118.6788621093124,6/23/2024 03:00,112475.58219857998,105933.94310546562,-5.816052662492424
U061,SBIN,24,2206.8630707365464,7/26/2024 00:00,2241.7724746846334,8/2/2024 20:00,52964.713697677114,53802.5393924312,1.581856364855276
U049,JSWSTEEL,91,4827.222346905897,9/12/2024 00:00,4706.925650336759,9/14/2024 18:00,439277.23356843664,428330.234180645,-2.492047971360695
U062,SBIN,69,2719.0743326194574,10/28/2024 00:00,2624.218568642282,11/5/2024 03:00,187616.12895074257,181071.08123631746,-3.4885314770263998
U054,ICICIBANK,67,3731.8050845203047,6/10/2024 00:00,3523.567938982118,6/17/2024 04:00,250030.9406628604,236079.05191180191,-5.5800648967965545
U035,CIPLA,88,1640.1407352755432,9/14/2024 00:00,1577.5838113392372,9/20/2024 12:00,144332.38470424782,138827.37539785288,-3.8141192759166724
U025,CIPLA,11,2112.6438758733057,8/26/2024 00:00,2134.4714597623324,9/2/2024 16:00,23239.082634606362,23479.186057385657,1.0331880416903705
U062,ONGC,48,524.9620724699408,11/5/2024 00:00,522.234800091358,11/8/2024 05:00,25198.179478557162,25067.270404385185,-0.5195179845566715
U019,BRITANNIA,60,2389.809656839071,6/21/2024 00:00,2458.299954091323,6/29/2024 18:00,143388.57941034427,147497.99724547938,2.8659310609214876
U012,ADANIENT,28,3134.3660487728475,8/27/2024 00:00,3165.300196466491,8/28/2024 04:00,87762.24936563973,88628.40550106174,0.9869347489185013
U064,BRITANNIA,89,1144.0182200456275,4/11/2024 00:00,1151.213730235943,4/19/2024 15:00,101817.62158406085,102458.02199099894,0.6289681461566695
U015,ADANIENT,68,4442.150513411265,12/29/2024 00:00,4667.42198109191,1/2/2025 12:00,302066.234911966,317384.6947142499,5.071225457141321
U012,BRITANNIA,13,2452.656141686957,1/25/2024 00:00,2464.005743611495,1/29/2024 15:00,31884.529841930445,32032.074666949433,0.46274737545276956
U013,ICICIBANK,15,3201.315398965612,5/30/2024 00:00,3236.290537539351,6/8/2024 17:00,48019.73098448418,48544.358063090265,1.0925239851418551
U059,ADANIENT,16,2218.5362983525392,1/16/2024 00:00,2281.4364865298317,1/18/2024 22:00,35496.58077364063,36502.98378447731,2.835211135558218
U004,SBIN,55,4593.662066062066,6/14/2024 00:00,4428.8207258016255,6/15/2024 07:00,252651.4136334136,243585.13991908942,-3.588451607668022
U067,ICICIBANK,53,1930.1161360914914,9/22/2024 00:00,1817.692000772447,9/26/2024 01:00,102296.15521284904,96337.6760409397,-5.824734233179596
U004,BRITANNIA,51,2024.8731369018046,6/22/2024 00:00,1976.0958879123345,6/29/2024 18:00,103268.52998199203,100780.89028352906,-2.4089039506002115
U049,JSWSTEEL,81,1850.2665234128574,5/10/2024 00:00,1893.3955761799477,5/19/2024 21:00,149871.58839644145,153365.04167057577,2.330964335210363
U028,BRITANNIA,18,3545.662866890213,8/11/2024 00:00,3563.529928663073,8/12/2024 17:00,63821.931604023834,64143.53871593531,0.503913159361661
U064,BRITANNIA,26,4361.501540258365,1/15/2024 00:00,4382.878136778439,1/18/2024 20:00,113399.04004671749,113954.8315562394,0.49012011855916726
U004,CIPLA,13,2908.763533210579,6/12/2024 00:00,3297.737347998282,6/16/2024 21:00,37813.92593173753,42870.585523977665,13.372479761473368
U036,ICICIBANK,16,3233.934349368548,8/20/2024 00:00,3336.832050253823,8/28/2024 07:00,51742.949589896765,53389.31280406117,3.181811681036968
U047,SBIN,60,2789.394458994307,7/14/2024 00:00,2632.606935973984,7/23/2024 14:00,167363.66753965843,157956.41615843904,-5.620844427892481
U064,JSWSTEEL,46,1520.0748774154777,2/12/2024 00:00,1470.9818092396947,2/19/2024 17:00,69923.44436111198,67665.16322502596,-3.229648019659008
U016,BRITANNIA,90,3634.492918565235,11/12/2024 00:00,3636.856144108736,11/18/2024 04:00,327104.36267087114,327317.0529697862,0.06502215292343838
U028,ADANIENT,41,637.6972483049885,4/23/2024 00:00,622.2564625849305,5/1/2024 07:00,26145.58718050453,25512.51496598215,-2.4213348514675026
U029,CIPLA,13,3769.12049437688,4/20/2024 00:00,3696.9222313901078,4/22/2024 06:00,48998.56642689944,48059.9890080714,-1.9155201616526691
U020,BRITANNIA,69,4770.9796641413,2/10/2024 00:00,4722.206810419832,2/14/2024 15:00,329197.59682574973,325832.26991896844,-1.0222817357207532
U002,TECHM,77,4627.487132571319,6/6/2024 00:00,4537.759269634597,6/11/2024 01:00,356316.5092079916,349407.463761864,-1.9390191774960917
U003,CIPLA,72,1232.9501648812948,6/12/2024 00:00,1219.4391372034843,6/18/2024 15:00,88772.41187145322,87799.61787865087,-1.0958291796904216
U059,ICICIBANK,77,818.801879562945,8/1/2024 00:00,800.655237954059,8/10/2024 23:00,63047.74472634677,61650.45332246254,-2.2162432771371092
U034,ONGC,86,3852.6113830777385,2/19/2024 00:00,3787.850726383018,2/21/2024 20:00,331324.5789446855,325755.16246893955,-1.6809548188321415
U015,TECHM,98,1262.075035945451,9/26/2024 00:00,1295.1483096992542,9/28/2024 21:00,123683.3535226542,126924.53435052691,2.6205473376650144
U008,TECHM,39,611.78745253371,1/19/2024 00:00,632.7777912972969,1/25/2024 05:00,23859.710648814693,24678.33386059458,3.430985496131971
U002,SBIN,75,1895.1623064135774,9/12/2024 00:00,1884.5707228207323,9/13/2024 20:00,142137.17298101832,141342.80421155493,-0.5588747495136062
U002,ICICIBANK,37,2191.84784322345,6/5/2024 00:00,2462.47667723523,6/14/2024 23:00,81098.37019926765,91111.63705770351,12.347062997483352
U032,TECHM,48,4177.547534257794,4/22/2024 00:00,4164.217370993007,4/30/2024 10:00,200522.2816443741,199882.43380766432,-0.31909064242774
U041,TECHM,71,2766.8585143563996,12/22/2024 00:00,2774.608927448097,12/28/2024 13:00,196446.95451930436,196997.23384881488,0.2801159889991669
U052,TECHM,89,1529.374238011738,12/24/2024 00:00,1543.3238421130113,12/27/2024 21:00,136114.30718304467,137355.821948058,0.9121118791309416
U055,ICICIBANK,34,4694.548570313715,3/9/2024 00:00,4468.293939004341,3/18/2024 14:00,159614.6513906663,151921.9939261476,-4.819518382238259
U002,BRITANNIA,77,3164.1969972746006,6/23/2024 00:00,3086.9688639462547,6/26/2024 12:00,243643.16879014423,237696.60252386163,-2.4406866385014685
U030,JSWSTEEL,19,2987.058101364358,7/28/2024 00:00,2812.270663274653,8/4/2024 04:00,56754.103925922806,53433.14260221841,-5.851491071093317
U045,ONGC,19,2309.0096144446015,7/26/2024 00:00,2179.387730236542,7/30/2024 17:00,43871.18267444743,41408.3668744943,-5.613743805880095
U056,BRITANNIA,89,2922.066672539689,5/7/2024 00:00,2991.798311164696,5/16/2024 11:00,260063.93385603232,266270.04969365796,2.3863808201337133
U016,CIPLA,95,3892.312532023487,4/14/2024 00:00,3794.992959503143,4/17/2024 23:00,369769.69054223126,360524.3311527986,-2.50030211396593
U058,ICICIBANK,62,2195.3321251849593,5/11/2024 00:00,2076.0967374153784,5/17/2024 03:00,136110.59176146748,128717.99771975346,-5.431314305553424
U050,SBIN,24,3496.7918908941156,5/9/2024 00:00,3477.749403731321,5/17/2024 02:00,83923.00538145877,83465.9856895517,-0.5445702162711621
U056,TECHM,23,3946.3610712342,11/29/2024 00:00,3865.6541452885776,12/1/2024 04:00,90766.3046383866,88910.04534163729,-2.0450973564966244
U036,ONGC,88,3095.3443027185886,5/30/2024 00:00,3112.887050952231,6/8/2024 23:00,272390.2986392358,273934.06048379635,0.5667462652938166
U024,ADANIENT,78,969.968157869218,7/22/2024 00:00,912.8048494254698,7/26/2024 02:00,75657.516313799,71198.77825518664,-5.8933180414212725
U026,BRITANNIA,12,3097.320403604216,5/20/2024 00:00,3133.9404893936207,5/27/2024 09:00,37167.8448432506,37607.28587272345,1.182315066493985
U032,TECHM,30,919.2262496378528,4/3/2024 00:00,890.0966318644035,4/4/2024 21:00,27576.787489135582,26702.898955932105,-3.168927974470426
U057,TECHM,89,4985.691635955149,10/5/2024 00:00,4974.715816881663,10/11/2024 17:00,443726.5556000082,442749.70770246803,-0.220146368345995
U044,ICICIBANK,70,846.6843735303503,2/16/2024 00:00,852.1216260112581,2/24/2024 06:00,59267.90614712452,59648.51382078807,0.6421817445663442
U036,ICICIBANK,66,2018.5117419413416,3/14/2024 00:00,2026.7196335295178,3/15/2024 06:00,133221.77496812853,133763.49581294818,0.4066308566668043
U053,ICICIBANK,30,3036.6990689555214,1/25/2024 00:00,2943.6695058100054,1/27/2024 04:00,91100.97206866564,88310.08517430015,-3.0635094565861514
U062,SBIN,89,2135.668615875613,1/30/2024 00:00,2237.8383238429396,2/4/2024 18:00,190074.50681292955,199167.61082202164,4.78396822465071
U067,JSWSTEEL,53,3443.520522003231,9/5/2024 00:00,3655.82265278274,9/13/2024 11:00,182506.58766617122,193758.60059748523,6.165263991399263
U009,BRITANNIA,51,1331.7314953239863,5/8/2024 00:00,1291.2852754472162,5/10/2024 04:00,67918.3062615233,65855.54904780803,-3.037115215701217
U034,SBIN,45,3250.2093637784005,7/28/2024 00:00,3273.4217184445033,8/3/2024 22:00,146259.42137002802,147303.97733000264,0.7141802901927037
U042,ONGC,36,3542.3450677921464,6/12/2024 00:00,3655.252134313914,6/18/2024 19:00,127524.42244051727,131589.07683530092,3.1873536982138067
U013,ONGC,34,1022.2553486268545,10/31/2024 00:00,1003.6389381557544,11/4/2024 01:00,34756.68185331305,34123.72389729565,-1.8211115741391304
U056,ONGC,85,1538.530926560441,7/29/2024 00:00,1569.1307381224053,8/1/2024 19:00,130775.12875763749,133376.11274040444,1.9888980477222935
U025,JSWSTEEL,31,1499.3184671294246,10/18/2024 00:00,1583.7527089038779,10/22/2024 21:00,46478.872481012164,49096.333976020214,5.6315081569101055
U015,ICICIBANK,34,3810.330177468385,3/14/2024 00:00,3761.894651116137,3/21/2024 05:00,129551.2260339251,127904.41813794865,-1.2711634975536228
U065,ICICIBANK,31,786.4978877429016,2/8/2024 00:00,769.6727510809918,2/11/2024 21:00,24381.43452002995,23859.855283510748,-2.139247533161819
U007,JSWSTEEL,56,4096.858788624684,3/12/2024 00:00,4126.110995933233,3/16/2024 13:00,229424.09216298233,231062.2157722611,0.7140155132944996
U002,TECHM,75,3706.627156968368,6/13/2024 00:00,3630.5979325910253,6/14/2024 10:00,277997.0367726276,272294.8449443269,-2.051170003284787
U043,TECHM,71,1703.2430827094058,8/20/2024 00:00,1765.4622588130035,8/23/2024 18:00,120930.25887236782,125347.82037572324,3.652982755968309
U023,CIPLA,66,1841.0423766706663,10/20/2024 00:00,1889.1088185291644,10/26/2024 10:00,121508.79686026397,124681.18202292486,2.6108275652742763
U045,SBIN,41,2837.1219067594075,6/6/2024 00:00,2794.928876383577,6/7/2024 18:00,116321.99817713571,114592.08393172667,-1.4871772085403157
U044,CIPLA,30,2382.128265545365,7/21/2024 00:00,2507.2594493349766,7/25/2024 03:00,71463.84796636095,75217.7834800493,5.2529154537765255
U061,CIPLA,78,1530.728973460925,1/3/2024 00:00,1466.198164607185,1/8/2024 01:00,119396.85992995216,114363.45683936043,-4.215691345270499
U010,ADANIENT,86,3079.730506027287,10/5/2024 00:00,3231.0736785519935,10/12/2024 03:00,264856.8235183467,277872.33635547146,4.914169347886631
U008,ONGC,93,4376.792394014774,6/8/2024 00:00,4356.734678002499,6/10/2024 04:00,407041.692643374,405176.32505423244,-0.4582743298426486
U012,TECHM,60,1106.784528411854,6/26/2024 00:00,1129.1583665699345,6/30/2024 07:00,66407.07170471124,67749.50199419606,2.0215170689262494
U032,JSWSTEEL,28,1343.431866587498,1/6/2024 00:00,1349.7448593948689,1/14/2024 20:00,37616.092264449944,37792.85606305633,0.46991536857069693
U053,JSWSTEEL,10,1660.2692422177454,8/22/2024 00:00,1745.2387342912466,8/25/2024 04:00,16602.692422177453,17452.387342912465,5.117814021537917
U004,CIPLA,33,575.6966000324394,6/12/2024 00:00,545.5040468964727,6/18/2024 04:00,18997.9878010705,18001.6335475836,-5.2445251777178035
U064,SBIN,10,2066.3906737079433,10/10/2024 00:00,2190.718911957646,10/14/2024 16:00,20663.906737079433,21907.189119576462,6.016685994164271
U049,JSWSTEEL,83,3982.6007967379564,2/9/2024 00:00,4148.9258369634945,2/15/2024 08:00,330555.8661292504,344360.84446797,4.176292044178023
U033,JSWSTEEL,63,1741.4789322170332,5/13/2024 00:00,1780.999143265345,5/18/2024 01:00,109713.17272967308,112202.94602571674,2.2693476399395642
U033,CIPLA,58,3177.5047473497725,12/7/2024 00:00,3270.1849740758653,12/16/2024 23:00,184295.2753462868,189670.72849640017,2.91676123547553
U056,SBIN,84,3290.579783037027,11/22/2024 00:00,3389.185051319018,11/25/2024 17:00,276408.70177511027,284691.54431079753,2.9965925394151522
U001,JSWSTEEL,67,591.1710438098448,6/18/2024 00:00,585.3680974017494,6/22/2024 14:00,39608.459935259605,39219.662525917214,-0.9816019354902457
U003,TECHM,25,997.1396334198398,6/22/2024 00:00,898.5719884330387,6/23/2024 10:00,24928.490835495995,22464.299710825966,-9.88503933483705
U064,BRITANNIA,73,3152.7257688601976,1/30/2024 00:00,3163.1609977877238,2/7/2024 11:00,230148.98112679442,230910.75283850383,0.3309906948011784
U048,SBIN,59,2183.4280286670546,10/24/2024 00:00,2264.422752461252,10/28/2024 11:00,128822.25369135622,133600.94239521387,3.7095211168303575
U046,ADANIENT,97,2049.926860635973,2/3/2024 00:00,1876.9689895754034,2/9/2024 14:00,198842.90548168938,182065.99198881412,-8.437270342753145
U022,ADANIENT,52,2824.567808661575,5/14/2024 00:00,2765.375760631322,5/20/2024 07:00,146877.52605040188,143799.53955282873,-2.095614339607618
U040,CIPLA,30,762.2569260833823,3/29/2024 00:00,754.2273333393221,4/5/2024 15:00,22867.707782501468,22626.82000017966,-1.0533971511833689
U016,ONGC,61,3864.6641791633497,7/11/2024 00:00,3958.954098589465,7/14/2024 18:00,235744.51492896432,241496.20001395736,2.439795931933411
U003,ICICIBANK,16,3510.812168213537,6/18/2024 00:00,3078.1670152585802,6/23/2024 11:00,56172.99469141659,49250.672244137284,-12.323221301101578
U065,BRITANNIA,35,2315.2749997138535,11/10/2024 00:00,2383.3083256394707,11/13/2024 11:00,81034.62498998488,83415.79139738147,2.938455515393441
U031,ICICIBANK,17,1180.989323680546,6/8/2024 00:00,1223.7495577178254,6/17/2024 21:00,20076.818502569284,20803.742481203033,3.6207130056025703
U021,TECHM,78,2121.865860175299,3/26/2024 00:00,2124.4269917934,3/31/2024 18:00,165505.53709367334,165705.30535988518,0.12070186274117889
U060,CIPLA,55,2188.5078763949896,9/24/2024 00:00,2128.627318493066,10/3/2024 07:00,120367.93320172443,117074.50251711863,-2.7361362756693213
U037,ADANIENT,13,3813.1795216103146,7/12/2024 00:00,3861.0275453408385,7/18/2024 13:00,49571.33378093409,50193.3580894309,1.2548064799822836
U050,ADANIENT,18,1041.755620297225,12/16/2024 00:00,978.8944523001976,12/24/2024 19:00,18751.60116535005,17620.100141403556,-6.034156837962866
U044,JSWSTEEL,95,2334.3406069747643,7/27/2024 00:00,2406.4723348768093,7/28/2024 18:00,221762.35766260262,228614.8718132969,3.090025837982802
U009,JSWSTEEL,14,3216.179097754914,4/8/2024 00:00,3071.751808529314,4/14/2024 04:00,45026.5073685688,43004.5253194104,-4.49064821441128
U060,ONGC,55,1244.6437335964906,3/25/2024 00:00,1196.1367615134816,3/28/2024 08:00,68455.40534780698,65787.52188324148,-3.8972575664559423
U058,CIPLA,15,1690.66844861788,9/10/2024 00:00,1620.1974216753968,9/11/2024 20:00,25360.0267292682,24302.961325130953,-4.168234582013601
U026,BRITANNIA,23,2927.7469088558255,1/7/2024 00:00,2835.345893986428,1/10/2024 19:00,67338.17890368399,65212.95556168785,-3.156045168723555
U049,SBIN,16,2600.3113512455234,2/25/2024 00:00,2449.204754965723,3/1/2024 17:00,41604.981619928374,39187.27607945157,-5.8110962830440105
U034,TECHM,43,2756.7729360551843,10/29/2024 00:00,2578.0970677814576,10/30/2024 15:00,118541.23625037292,110858.17391460268,-6.48134149667777
U009,CIPLA,57,3594.0009508174535,11/11/2024 00:00,3346.8594400676384,11/19/2024 05:00,204858.05419659484,190770.9880838554,-6.876500984052409
U017,BRITANNIA,26,2514.733420679482,6/4/2024 00:00,2546.918637790602,6/12/2024 16:00,65383.06893766654,66219.88458255565,1.2798659629863964
U031,ONGC,83,520.3712396550371,2/15/2024 00:00,512.7233281612124,2/20/2024 10:00,43190.812891368085,42556.03623738063,-1.4697029564690398
U060,ADANIENT,69,1320.9081465814995,2/26/2024 00:00,1367.6995154185854,3/6/2024 12:00,91142.66211412346,94371.2665638824,3.5423635593573835
U019,SBIN,65,1855.5043467028684,7/29/2024 00:00,1918.5884202489526,7/30/2024 23:00,120607.78253568645,124708.24731618192,3.399834317725066
U028,CIPLA,71,3823.22913313588,10/16/2024 00:00,3967.9114704570443,10/18/2024 07:00,271449.2684526475,281721.71440245013,3.784296788994525
U018,CIPLA,70,4621.477190499872,6/29/2024 00:00,4410.103325422166,7/8/2024 12:00,323503.4033349911,308707.2327795516,-4.573729488749123
U019,ADANIENT,28,4310.297692080398,5/5/2024 00:00,4320.492562448754,5/14/2024 13:00,120688.33537825113,120973.79174856511,0.23652357903465848
U011,BRITANNIA,28,4990.9197753319295,7/19/2024 00:00,4817.334951086161,7/27/2024 09:00,139745.75370929402,134885.3786304125,-3.478012712280564
U012,SBIN,90,1225.0099177096909,1/15/2024 00:00,1176.2797020031371,1/18/2024 13:00,110250.89259387218,105865.17318028233,-3.9779445865761596
U002,JSWSTEEL,93,714.2549492130596,6/12/2024 00:00,792.973813970331,6/16/2024 23:00,66425.71027681454,73746.56469924079,11.021115757615824
U012,CIPLA,54,3925.2143282482493,4/2/2024 00:00,4145.1158449365985,4/11/2024 16:00,211961.57372540547,223836.2556265763,5.602280494744033
U016,ICICIBANK,75,1993.5601117974113,5/20/2024 00:00,2110.152416816657,5/26/2024 13:00,149517.00838480584,158261.43126124926,5.848446923134144
U031,BRITANNIA,31,684.4879203899814,9/27/2024 00:00,691.9370701321059,10/1/2024 09:00,21219.125532089423,21450.049174095282,1.0882806723426786
U029,JSWSTEEL,59,3241.57635851369,9/5/2024 00:00,3296.4457966743826,9/10/2024 04:00,191253.0051523077,194490.30200378856,1.6926776386613005
U023,ADANIENT,93,1311.2567132134936,5/5/2024 00:00,1282.4741720996858,5/14/2024 22:00,121946.8743288549,119270.09800527077,-2.1950347955337053
U041,BRITANNIA,69,3000.862655236807,8/4/2024 00:00,3107.4039027846193,8/6/2024 20:00,207059.52321133966,214410.86929213873,3.5503540077679743
U017,TECHM,99,3134.7600468000937,4/20/2024 00:00,3131.7697047701095,4/23/2024 03:00,310341.24463320925,310045.2007722408,-0.09539301207557038
U041,ONGC,33,3943.46197002053,8/13/2024 00:00,4083.3396929454893,8/18/2024 21:00,130134.24501067749,134750.20986720113,3.547079291961103
U021,BRITANNIA,14,3171.9167061954763,3/19/2024 00:00,2925.1385914138236,3/28/2024 03:00,44406.83388673667,40951.94027979353,-7.780094423653653
U052,JSWSTEEL,31,3352.4252468503573,11/17/2024 00:00,3254.0342407861103,11/22/2024 05:00,103925.18265236108,100875.06146436941,-2.934920209084052
U055,ONGC,55,1389.0272489360243,9/20/2024 00:00,1294.3386316819274,9/22/2024 02:00,76396.49869148133,71188.624742506,-6.816901347804883
U006,JSWSTEEL,98,3828.405755352986,3/2/2024 00:00,3835.6926692016987,3/9/2024 11:00,375183.76402459265,375897.8815817665,0.19033807580411888
U035,JSWSTEEL,69,4057.732898986336,6/1/2024 00:00,4171.365622846711,6/10/2024 17:00,279983.57003005716,287824.22797642305,2.800399303974931
U008,TECHM,18,2552.525795759578,4/7/2024 00:00,2541.8276352330627,4/11/2024 12:00,45945.46432367241,45752.897434195125,-0.41912056459089087
U067,BRITANNIA,51,3356.9474419567487,7/17/2024 00:00,3253.3277565474123,7/21/2024 22:00,171204.31953979417,165919.71558391803,-3.0867234951089007
U027,CIPLA,82,1029.771277799574,9/5/2024 00:00,1094.7526070188167,9/6/2024 08:00,84441.24477956507,89769.71377554297,6.310268175093743
U048,SBIN,57,4834.566409695808,2/13/2024 00:00,4883.578893395598,2/14/2024 08:00,275570.28535266104,278363.9969235491,1.0137927488490917
U034,TECHM,34,1547.3319151406038,10/2/2024 00:00,1518.121927148797,10/9/2024 20:00,52609.28511478053,51616.1455230591,-1.8877648490273864
U010,JSWSTEEL,94,2999.698840589308,10/2/2024 00:00,3081.37947039602,10/10/2024 12:00,281971.6910153949,289649.6702172259,2.722961008667969
U026,ONGC,60,3245.03198775915,4/30/2024 00:00,3228.359019079559,5/3/2024 23:00,194701.919265549,193701.54114477354,-0.5137998251630358
U015,ONGC,40,3763.5747009176184,4/10/2024 00:00,3744.579511890239,4/17/2024 22:00,150542.98803670474,149783.18047560955,-0.5047113591965715
U022,TECHM,78,3110.967474296735,1/15/2024 00:00,3101.7402873785263,1/24/2024 14:00,242655.46299514532,241935.74241552505,-0.296601844745882
U030,ADANIENT,28,4464.026768977556,10/16/2024 00:00,4310.869645797732,10/17/2024 06:00,124992.74953137155,120704.3500823365,-3.4309185653674428
U033,ICICIBANK,36,2439.8650802270195,3/29/2024 00:00,2485.6905347713514,3/31/2024 07:00,87835.1428881727,89484.85925176865,1.8781962541989363
U067,ADANIENT,15,4394.177539184209,11/6/2024 00:00,4524.9400419927815,11/12/2024 13:00,65912.66308776314,67874.10062989172,2.9758129170367633
U001,ADANIENT,36,2712.8464375876874,6/23/2024 00:00,2567.5832144930246,6/30/2024 04:00,97662.47175315674,92432.99572174888,-5.3546423078717815
U012,SBIN,30,4575.020006531124,9/12/2024 00:00,4461.335179938211,9/17/2024 22:00,137250.60019593372,133840.05539814633,-2.484903375955109
U025,ONGC,79,1788.58679856784,2/19/2024 00:00,1766.3982706480167,2/21/2024 13:00,141298.35708685938,139545.46338119332,-1.2405619865689665
